<?xml version="1.0" encoding="utf-8"?>
<Window caption="0,0,0,0" defaultfontcolor="#FFFFFFFF" size="320,540">
    <Style imagerectstyle="l,t,w,h" />
    <!-- <Include source="themes\default.xml" /> -->

    <Default name="Button" height="30" />
    <Style name="Settings" font="12" width="94" height="68" align="left" textpadding="5,35,0,0" />
    <VerticalLayout style="ct-bkdarker1">
        <Combo name="::wlan_list" height="30" style="ct-combo"
            textpadding="10,0,0,0" itemselectedtextcolor="#FFFFFFFF" />
        <Label name="::wlan_errmsg" padding="10,0,0,-30" height="30" visible="false" />
        <List style="ct-list" name="::ssid_list" height="360" header="hidden" vscrollbar="true" >
        </List>
        <Control />
        <Button name="netsetting" padding="10,0,0,0" text="%{NetworkSettings}" align="left" font="16u" style="ct-text-secondary-url" />
        <Label padding="10,-5,0,0" text="%{NetworkSettingsMsg}" align="left" font="12" style="ct-text-secondary" />
        <HorizontalLayout height="70" padding="5,5,0,0" childpadding="5">
            <Option style="ct-option" style="Settings" name="::switchwlan" text="WLAN" selected="true" />
            <Option style="ct-option" style="Settings" name="::switchfirewall" text="%{Firewall}" selected="true"  />
            <Button style="ct-option" style="Settings" name="proxysettings" text="%{Proxy}" />
        </HorizontalLayout>
        <Button name="::closebtn" text="" width="10" height="5" comment="debug" />
    </VerticalLayout>
</Window>
