<?xml version="1.0" encoding="utf-8"?>
<Window mininfo="200,360" size="450,450" caption="0,0,0,32" sizebox="4,4,4,4" defaultfontcolor="#FFE8EAF6">
    <Style imagerectstyle="l,t,w,h" />
    <Include source="scrollbar_ltwh.xml" />

     <Style name="inBtn" value="width=&quot;120&quot; height=&quot;32&quot; textcolor=&quot;#FF000000&quot; hottextcolor=&quot;#FFFFFF&quot; hotimage=&quot;color='#FF050081'&quot;" />

    <VerticalLayout style="ct-bkcontent">
        <!-- <Control name="xml_entry" text="wallpaper" visible="false" /> -->
        <HorizontalLayout height="32" style="ct-bktitle">
            <Label text="Wallpaper" textpadding="5,0,0,0" />
            <Control />
            <Button name="::closebtn" bkimage="file='close.png'" width="16" height="16" padding="0,8,5,0" />
        </HorizontalLayout>
        <VerticalLayout height="64" style="ct-bksubtitle">
            <Label text="Wallpaper Settings" font="24" textpadding="10,16,0,0" />
        </VerticalLayout>
        <HorizontalLayout height="188" style="ct-bkontent-darker1">
                <Control />
                <Button normalimage="Display.png" height="124" width="218" enabled="false" padding="0,32,0,0" />
                <Control />
        </HorizontalLayout>
        <Label text="<b>Change Wallpaper</b>" showhtml="true" textcolor="#FF000000" textpadding="10,8,0,0" />
        <HorizontalLayout height="50" >
            <Button name="wp_broswerbtn" text="Select" style="inBtn" />
            <Button name="wp_searchbtn" text="Random" style="inBtn" width="150" />
            <Button name="wp_defaultbtn" text="Default" style="inBtn" />
        </HorizontalLayout>
        <HorizontalLayout height="40" padding="0,30,0,0">
            <Control />
            <Button name="applybtn" text="%{Apply}" shortcut="A" showhtml="true" style="attentionBtn" />
            <Button name="cancelbtn" text="%{Cancel}" shortcut="C" showhtml="true" style="attentionBtn" padding="0,0,10,0" />
        </HorizontalLayout>
    </VerticalLayout>
</Window>
