<?xml version="1.0" encoding="utf-8"?>
<Window size="400,84" caption="0,0,0,32" sizebox="4,4,4,4" defaultfontcolor="#FFE8EAF6">
    <Style imagerectstyle="l,t,w,h" />

    <VerticalLayout style="ct-bk" >
        <Label name="vol_name" height="32" padding="20,0,0,10" />
        <HorizontalLayout height="32">
            <VerticalLayout width="32" padding="20,0,0,0">
                <Label name="vol_state" float="true" pos="0,0,32,32" bkimage="file='snd_mute.png'" height="32" />
                <Option name="vol_btn" float="true" pos="0,0,32,32" selected="false" />
            </VerticalLayout>
            <Slider name="volume_slider" imm="true" min="0" max="100" value="0" height="24" padding="5,4,0,0"
                thumbsize="8,24" thumbimage="file='thumb.png'"
                bkimage="file='sliderbk.png'" foreimage="file='sliderfr.png'" />
            <Button name="vol_value" width="40" text="<b>0</b>" showhtml="true" font="24" align="center" textcolor="#FFFFFFFF" padding="5,0,20,0" />
        </HorizontalLayout>

        <HorizontalLayout visible="false">
            <Button name="::closebtn" bk2color="#FFFF00FF" width="5" height="32" padding="5,0,0,0" />
            <Button name="sndvol_settings" height="32" text="<b>#{@shell32.dll,22066}</b>" showhtml="true" align="center" />
        </HorizontalLayout>
    </VerticalLayout>
</Window>
