﻿<?xml version="1.0" encoding="utf-8"?>
<Window size="360,540" caption="0,0,0,32" sizebox="6,6,6,6"  >
    <Style imagerectstyle="l,t,w,h" />

    <Style name="week" height="40" width="46" font="18b" />
    <Style name="day" height="40" width="46" align="center" />
    <VerticalLayout bkcolor="#FFFFFFFF">
      <!--
        <HorizontalLayout height="32" bkcolor="#FFFF5151">
            <Label name="title" text="Calendar" textcolor="#FFFFFFFF" align="center" />
            <Button name="::closebtn" bkimage="file='close.png'" width="16" height="16" padding="0,8,8,0" />
        </HorizontalLayout>
      -->
        <!-- get theme attribute value for lua -->
        <Label name="today_attr" style="ct-today" visible="false" />
        <VerticalLayout style="ct-bk">
          <VerticalLayout height="120">
            <Label name="now_time" font="40b" text="time" padding="20,20,0,0" />
            <Label name="now_info" font="16" style="ct-txtinfo" padding="20,0,0,0" />
          </VerticalLayout>
          <Control height="1" style="ct-bkhori" />
          <VerticalLayout>
            <HorizontalLayout height="40" padding="0,16,0,0" >
            <Label name="nav_mon" text="2018-04" align="left" textpadding="30,0,0,0" textcolor="#FFDFDFDF" />
            <Button name="pre_mon" text="" font="i16" width="46" height="40"  />
            <Button name="next_mon" text="" font="i16" width="46" height="40" padding="6,0,0,0" />
            <Control width="20" />
            </HorizontalLayout>

            <HorizontalLayout height="40" padding="30,0,0,0">
              <Label text="%{w7}" style="week" />
              <Label text="%{w1}" style="week" />
              <Label text="%{w2}" style="week" />
              <Label text="%{w3}" style="week" />
              <Label text="%{w4}" style="week" />
              <Label text="%{w5}" style="week" />
              <Label text="%{w6}" style="week" />
            </HorizontalLayout>

            <VerticalLayout padding="20,0,0,0">
            <HorizontalLayout>
              <Label name="d11" text="1" style="day" />
              <Label name="d12" text="2" style="day" />
              <Label name="d13" text="3" style="day" />
              <Label name="d14" text="4" style="day" />
              <Label name="d15" text="5" style="day" />
              <Label name="d16" text="6" style="day" />
              <Label name="d17" text="7" style="day" />
            </HorizontalLayout>

            <HorizontalLayout>
              <Label name="d21" text="1" style="day" />
              <Label name="d22" text="2" style="day" />
              <Label name="d23" text="3" style="day" />
              <Label name="d24" text="4" style="day" />
              <Label name="d25" text="5" style="day" />
              <Label name="d26" text="6" style="day" />
              <Label name="d27" text="7" style="day" />
            </HorizontalLayout>

            <HorizontalLayout>
              <Label name="d31" text="1" style="day" />
              <Label name="d32" text="2" style="day" />
              <Label name="d33" text="3" style="day" />
              <Label name="d34" text="4" style="day" />
              <Label name="d35" text="5" style="day" />
              <Label name="d36" text="6" style="day" />
              <Label name="d37" text="7" style="day" />
            </HorizontalLayout>

            <HorizontalLayout>
              <Label name="d41" text="1" style="day" />
              <Label name="d42" text="2" style="day" />
              <Label name="d43" text="3" style="day" />
              <Label name="d44" text="4" style="day" />
              <Label name="d45" text="5" style="day" />
              <Label name="d46" text="6" style="day" />
              <Label name="d47" text="7" style="day" />
            </HorizontalLayout>

            <HorizontalLayout>
              <Label name="d51" text="1" style="day" />
              <Label name="d52" text="2" style="day" />
              <Label name="d53" text="3" style="day" />
              <Label name="d54" text="4" style="day" />
              <Label name="d55" text="5" style="day" />
              <Label name="d56" text="6" style="day" />
              <Label name="d57" text="7" style="day" />
            </HorizontalLayout>

            <HorizontalLayout>
              <Label name="d61" text="1" style="day" />
              <Label name="d62" text="2" style="day" />
              <Label name="d63" text="3" style="day" />
              <Label name="d64" text="4" style="day" />
              <Label name="d65" text="5" style="day" />
              <Label name="d66" text="6" style="day" />
              <Label name="d67" text="7" style="day" />
            </HorizontalLayout>

            </VerticalLayout>

            <Control height="1" style="ct-bkhori" />

            <VerticalLayout height="45">
              <Button name="datetime_settings" font="16b" text="#{@shell32.dll,24135}" align="left" textpadding="20,10,0,0" />
            </VerticalLayout>
            <HorizontalLayout height="32">
              <Control />
              <Button name="::closebtn" text="%{OK}" font="16b" style="ct-txtinfo" />
              <Button name="::closebtn" text="%{CANCEL}" font="16b" style="ct-txtinfo" />
            </HorizontalLayout>

          </VerticalLayout>
        </VerticalLayout>
    </VerticalLayout>
</Window>
