<?xml version="1.0" encoding="utf-8" standalone="yes" ?>
<Window size="800,600" sizebox="4,4,4,4" caption="0,0,0,32" mininfo="600,400">

<Style imagerectstyle="l,t,w,h" />
<Include source="scrollbar_ltwh.xml" />
<Style name="nav_item" height="40" selectedimage="color='#ff0078d7' dest='235,10,5,20'" hotimage="color='#FFA2D7FF'  dest='235,10,5,20'" />
<VerticalLayout bordersize="1" bordercolor="#FF1985DA">
    <HorizontalLayout style="ct-bknav" padding="1,1,1,1">
        <VerticalLayout name="nav" width="240" >
            <Label height="32" text="%{Settings}" padding="20,0,0,0" />
            <HorizontalLayout style="nav_item" padding="20,0,0,0" >
                <Label text="" font="sym16" width="32" />
                <Button text="%{Home}" align="left" name="home_button" />
            </HorizontalLayout>

            <Label height="32" showhtml="true" text="<b>%{Customization}</b>" padding="20,0,0,0" />
            <VerticalLayout height="40">
                <Label float="true" pos="20,0,32,32" mosue="false" text="" font="sym16" width="32" />
                <Label float="true" pos="52,0,188,32" mosue="false" text="%{Display}" width="188" />
                <Option float="true" pos="0,0,240,32" group="nav_item" name="Nav_Display" style="nav_item" />
            </VerticalLayout>
            <VerticalLayout height="40">
                <Label float="true" pos="20,0,32,32" mosue="false" text="" font="sym16" width="32" />
                <Label float="true" pos="52,0,148,32" mosue="false" text="%{Background}" width="188" enabled="false" />
                <Option float="true" pos="0,0,240,32" group="nav_item" name="Nav_Background" style="nav_item" enabled="false" />
            </VerticalLayout>
            <VerticalLayout height="40">
                <Label float="true" pos="20,0,32,32" mosue="false" text="" font="sym16" width="32" />
                <Label float="true" pos="52,0,188,32" mosue="false" text="%{Colors}" width="188" />
                <Option float="true" pos="0,0,240,32" group="nav_item" name="Nav_Colors" style="nav_item" />
            </VerticalLayout>
            <VerticalLayout height="40">
                <Label float="true" pos="20,0,32,32" mosue="false" text="" font="sym16" width="32" />
                <Label float="true" pos="52,0,188,32" mosue="false" text="%{Taskbar}" width="188" />
                <Option float="true" pos="0,0,240,32" group="nav_item" name="Nav_Taskbar" style="nav_item" selected="true"/>
            </VerticalLayout>
            <Label height="32" showhtml="true" name="quickaccess_label" text="<b>#{@shell32.dll,51378}</b>" padding="20,0,0,0" />
            <HorizontalLayout style="nav_item" padding="20,0,0,0" >
                <Label text="" font="sym16" width="32" />
                <Button text="#{@shell32.dll,22023}" align="left" name="compmgmt_button" />
            </HorizontalLayout>
        </VerticalLayout>
        <VerticalLayout padding="0,1,1,1" style="ct-bkcontent">
            <VerticalLayout height="32">
                <HorizontalLayout height="32">
                    <Control />
                    <!-- https://docs.microsoft.com/ja-jp/windows/uwp/design/style/segoe-ui-symbol-font -->
                    <Button name="::minbtn" text="" font="sym" textcolor="#ff8b8b8b" hottextcolor="#ffffffff" hotimage="color='#ff1985da'" width="48" height="32" />
                    <Button name="::closebtn" text="" font="sym" textcolor="#ff8b8b8b" hottextcolor="#ffffffff" hotimage="color='#ffe81123'" width="48" height="32" />
                </HorizontalLayout>
            </VerticalLayout>
            <TabLayout name="TabLayoutMain" selectedid="-1" topbordersize="1" bordercolor="#ff000000" padding="2,2,2,2" >
                <VerticalLayout padding="20,0,0,0" >
                    <Label text="%{Background}" font="24" height="50" />
                </VerticalLayout>
                <VerticalLayout padding="20,0,0,0" >
                    <Label text="%{Display}" font="24" height="50" />
                    <Label text="<b>%{Resolution}</b>" showhtml="true" padding="0,10,0,0" />
                    <Combo name="resolution_combo" style="ct-combo" wheel="false" height="32" width="300" padding="10,8,10,0" textpadding="5,2,0,2"
                        vscrollbar="true" hscrollbar="true">
                        <ListLabelElement text="1920x1080" />
                        <ListLabelElement text="1024x768" selected="true" />
                        <ListLabelElement text="800x600" />
                    </Combo>
                    <Label text="<b>%{Rotate}</b>" showhtml="true" padding="0,10,0,0" />
                    <Combo name="rotate_combo" style="ct-combo" wheel="false" height="32" width="300" padding="10,8,10,0" textpadding="5,2,0,2"
                        vscrollbar="true" hscrollbar="true">
                        <ListLabelElement text="%{Rotate_0}" selected="true" />
                        <ListLabelElement text="%{Rotate_90}"/>
                        <ListLabelElement text="%{Rotate_180}" />
                        <ListLabelElement text="%{Rotate_270}" />
                    </Combo>
                    <HorizontalLayout height="40" padding="0,30,0,0">
                        <Button name="display_applybtn" text="%{Apply}" visible="false" shortcut="A" showhtml="true" style="ct-button" padding="0,0,10,0" />
                        <Button name="display_restorebtn" text="%{Restore}" visible="false" shortcut="R" showhtml="true" style="ct-button" padding="0,0,10,0" />
                    </HorizontalLayout>
                </VerticalLayout>
                <VerticalLayout padding="20,0,0,0" >
                    <Label text="%{Background}" font="24" height="50" />
                </VerticalLayout>
                <VerticalLayout padding="20,0,0,0" >
                    <Label text="%{Colors}" font="24" height="50" />
                     <Label text="%{SelectAppColorTheme}" padding="0,10,0,0" />
                    <Option name="colortheme_light_opt" style="radio" text="%{Light}" group="colortheme" padding="0,5,0,0" />
                    <Option name="colortheme_dark_opt" style="radio" text="%{Dark}" group="colortheme" padding="0,5,0,0" />
                </VerticalLayout>
                <VerticalLayout padding="20,0,0,0" >
                    <Label text="%{Taskbar}" font="24" height="50" />
                    <Label text="%{AutoHideTaskbar}" padding="0,10,0,0" />
                    <CheckBox name="chk_taskbar_autohide" style="switch" text="%{Off}" width="120" align="left" textpadding="50,0,0,0" padding="0,5,0,0" />
                    <Label text="%{UseSmallButtons}" padding="0,10,0,0" />
                    <CheckBox name="chk_taskbar_smallicons" style="switch" text="%{Off}" width="120" align="left" textpadding="50,0,0,0" padding="0,5,0,0" />
                    <Label text="%{CombineButtons}" padding="0,10,0,0" />
                    <HorizontalLayout padding="0,5,0,0">
                        <Option name="combine_style_0" style="radio" text="%{Always}" group="combine_style" />
                        <Option name="combine_style_1" style="radio" text="%{Auto}" group="combine_style" />
                        <Option name="combine_style_2" style="radio" text="%{Never}" group="combine_style" />
                    </HorizontalLayout>
                </VerticalLayout>
            </TabLayout>
        </VerticalLayout>
    </HorizontalLayout>
</VerticalLayout>
</Window>
